{
  "46_prufer": {
    "n": 46,
    "model": "prufer",
    "nms": [
      0.7450137110945687,
      0.8304558110005055,
      0.7484103371550745,
      0.7538023007415212,
      0.7662156514467496,
      0.8376479462478806,
      0.7789947639445891,
      0.745307423253761,
      0.7323798755934411,
      0.7385644901647391
    ],
    "mean": 0.7676792310642832,
    "std": 0.03555066683590405,
    "bio_nm": 0.77,
    "n_samples": 10
  },
  "46_yule": {
    "n": 46,
    "model": "yule",
    "nms": [
      0.8223019607961071,
      0.8142408376435931,
      0.8280743052606238,
      0.8388855641238699,
      0.8266775082957786,
      0.816399196180927,
      0.8268008979443029,
      0.8181856137273977,
      0.8325633631993837,
      0.8214437930233958
    ],
    "mean": 0.8245573040195378,
    "std": 0.007208727084309322,
    "bio_nm": 0.77,
    "n_samples": 10
  },
  "113_prufer": {
    "n": 113,
    "model": "prufer",
    "nms": [
      0.9110530884491185,
      0.9024771503128473,
      0.9085405432017108,
      0.9270225534839737,
      0.8604669161893967,
      0.877268269200575,
      0.8634488922819582,
      0.9035488631482312,
      0.8653927636348089,
      0.9155686232031238
    ],
    "mean": 0.8934787663105743,
    "std": 0.0231827920398763,
    "bio_nm": 0.8478,
    "n_samples": 10
  },
  "113_yule": {
    "n": 113,
    "model": "yule",
    "nms": [
      0.9053047398750769,
      0.9151107414759484,
      0.9129439044526377,
      0.911506223758169,
      0.9304387510866828,
      0.9207762905706616,
      0.913596506729264,
      0.9073011252873006,
      0.9152281940528006,
      0.9044336986354472
    ],
    "mean": 0.913664017592399,
    "std": 0.007329786313982699,
    "bio_nm": 0.8478,
    "n_samples": 10
  },
  "367_prufer": {
    "n": 367,
    "model": "prufer",
    "nms": [
      0.9738858429460384,
      0.9704319318158616,
      0.9750058081328408,
      0.9598019243163805,
      0.9560982914558076,
      0.9736888807564719,
      0.9699787517963598,
      0.9677046410884849,
      0.9696524633432777,
      0.9580199896298565
    ],
    "mean": 0.9674268525281381,
    "std": 0.00658718619734906,
    "bio_nm": 0.9812,
    "n_samples": 10
  },
  "367_yule": {
    "n": 367,
    "model": "yule",
    "nms": [
      0.9767074302854462,
      0.9697904891579547,
      0.9734968967680409,
      0.9715421296353608,
      0.9647169192766563,
      0.9779717830112324,
      0.965996764951692,
      0.976686798188383,
      0.9734969942753304,
      0.9750885932098761
    ],
    "mean": 0.9725494798759972,
    "std": 0.004300740253183072,
    "bio_nm": 0.9812,
    "n_samples": 10
  },
  "1038_prufer": {
    "n": 1038,
    "model": "prufer",
    "nms": [
      0.9904752613561598,
      0.9912043928377844,
      0.9845431627095271,
      0.9873593038225852,
      0.9841042262217886,
      0.9853017518707304,
      0.9912489424413118,
      0.9842121396507955,
      0.9857944728740928,
      0.9899781635147523
    ],
    "mean": 0.9874221817299528,
    "std": 0.002855785679231637,
    "bio_nm": 0.9813,
    "n_samples": 10
  },
  "1038_yule": {
    "n": 1038,
    "model": "yule",
    "nms": [
      0.9872549443214924,
      0.9858579973824966,
      0.9863862466904239,
      0.9906693117480065,
      0.9860235889377127,
      0.9895322738822767,
      0.9873604012863038,
      0.9907049442698076,
      0.9849578384753014,
      0.9916199684976659
    ],
    "mean": 0.9880367515491487,
    "std": 0.002262697372324657,
    "bio_nm": 0.9813,
    "n_samples": 10
  }
}